<?xml version="1.0" encoding="UTF-8"?>
<config xmlns="http://www.sourceid.org/2004/05/config">
    <!--Dsig keystore information: name and password-->
    <item name="DsigKeystoreName">ping-dsig.jks</item>
    <item name="DsigKeystorePassword">eyJhbGciOiJkaXIiLCJlbmMiOiJBMTI4Q0JDLUhTMjU2Iiwia2lkIjoiRW1JY1UxOVdueSIsInZlcnNpb24iOiI5LjIuMC4xMCJ9.._Vc01Xs2XGCczUYA2vgnhA.56GD2bR9FsFcabI8CGadZ3cjVmWsPhkoIOMeczB2YG8.cpOanhUAV723mgT7h8EbUw</item>
    <!--Do not modify-->
    <item name="DsigKeystoreType2">default</item>
    <!--Map of Dsig keystore aliases to passwords; the system uses this map
     to open private keys for generating signatures, X509
     authentication, etc. For each item, the name of the item maps
     to the alias of a private key, and the value of the item is the
     password to that particular key.-->
    <map name="DsigPrivateKeyPasswords">
        <item name="v8m5h9qrw85dgmndgv47k76xz">eyJhbGciOiJkaXIiLCJlbmMiOiJBMTI4Q0JDLUhTMjU2Iiwia2lkIjoiRW1JY1UxOVdueSIsInZlcnNpb24iOiI5LjIuMC4xMCJ9..lnQoasV2J29-6KtVWlIWLQ.5of9PpT1aJtyrjWAX_LTz3SfghNxIFBLmU8_8tne0rU.FL732jjTyz1sTcAu9Msi2A</item>
        <item name="6yrmxkx30nsni08xxcspxy3tl">eyJhbGciOiJkaXIiLCJlbmMiOiJBMTI4Q0JDLUhTMjU2Iiwia2lkIjoiRW1JY1UxOVdueSIsInZlcnNpb24iOiI5LjIuMi4wIn0..3cy202mlaPl7EbfI74dY1w.Th4gjKCcJis4f_l6geje4rfI8ia24avyZOctM31hclE.9BTg-EpSZHBfrL42mBafvA</item>
    </map>
    <!--DSIG HSM Keystore information: name and password-->
    <item name="DsigHSMKeystoreName">ping-dsig.hsmks</item>
    <item name="DsigHSMKeystorePassword"/>
    <item name="DsigHSMKeystoreType2">default</item>
    <!--Map of Dsig keystore aliases to passwords; the system uses this map
     to open private keys for generating signatures, X509
     authentication, etc. For each item, the name of the item maps
     to the alias of a private key and the value of the item is the
     password to that particular key-->
    <map name="DsigHSMPrivateKeyPasswords"/>
    <!--SSL Keystore information: name and password-->
    <item name="SslKeystoreName">ping-ssl.jks</item>
    <item name="SslKeystorePassword">eyJhbGciOiJkaXIiLCJlbmMiOiJBMTI4Q0JDLUhTMjU2Iiwia2lkIjoiRW1JY1UxOVdueSIsInZlcnNpb24iOiI5LjIuMC4xMCJ9..dYNUU9Yy52WkOgF4cFDwGA.BRnUSmWhUc2thWa5-YK-mGHX0SeeDMTqPNPExttUKs0.28CJKiLHWRKj7NRcjYKY8w</item>
    <!--Do not modify-->
    <item name="SslKeystoreType2">default</item>
    <!--Map of SSL client auth keystore aliases to passwords; the system uses this map
     to open private keys for generating signatures, X509
     authentication, etc. For each item, the name of the item maps
     to the alias of a private key and the value of the item is the
     password to that particular key-->
    <map name="SslPrivateKeyPasswords">
        <item name="23n15f64c9amwdlzqhdy7ej23">eyJhbGciOiJkaXIiLCJlbmMiOiJBMTI4Q0JDLUhTMjU2Iiwia2lkIjoiRW1JY1UxOVdueSIsInZlcnNpb24iOiI5LjMuMS4xIn0..wUBatafm96KvQyrWhoexlQ.mAzeRYINkZGtn_mntp7djlFHHLivCV4lltferXrQjk8.39IK-dCcslhpW5lgFcbEzQ</item>
    </map>
    <!--SSL HSM Keystore information: name and password-->
    <item name="SslHSMKeystoreName">ping-ssl.hsmks</item>
    <item name="SslHSMKeystorePassword"/>
    <!--Do not modify-->
    <item name="SslHSMKeystoreType2">default</item>
    <!--Map of SSL client auth keystore aliases to passwords; the system uses this map
     to open private keys for generating signatures, X509
     authentication, etc. For each item, the name of the item maps
     to the alias of a private key and the value of the item is the
     password to that particular key-->
    <map name="SslHSMPrivateKeyPasswords"/>
    <!--SSL Server Keystore information: name and password-->
    <item name="SslServerKeystoreName">ping-ssl-server.jks</item>
    <item name="SslServerKeystorePassword">eyJhbGciOiJkaXIiLCJlbmMiOiJBMTI4Q0JDLUhTMjU2Iiwia2lkIjoiRW1JY1UxOVdueSIsInZlcnNpb24iOiI5LjIuMC4xMCJ9..w_vU_ZS3DWR3d3JtM8L3sQ.DtfL8GELsiibvHzBloZbySHXeq5wg9py3A09QICXzlI.FpDtkay5_12mfpHlOO6MBg</item>
    <!--Do not modify-->
    <item name="SslServerKeystoreType2">default</item>
    <!--Map of SSL Server keystore aliases to passwords; the system uses this map
         to open private keys for generating signatures, X509
         authentication, etc. For each item, the name of the item maps
         to the alias of a private key and the value of the item is the
         password to that particular key-->
    <map name="SslServerPrivateKeyPasswords">
        <item name="t9vezrmnn5ntdoq6bzfzbtg0j">eyJhbGciOiJkaXIiLCJlbmMiOiJBMTI4Q0JDLUhTMjU2Iiwia2lkIjoiRW1JY1UxOVdueSIsInZlcnNpb24iOiI5LjIuMi4wIn0..PmClS5RqF0WD30fyGahbsw.5Sq6ky_fgrz2tcYXQVH0_8lLYGlXKYNQb4Qre07dr2Y.mqQ9H-1qbys8hnHAtzyzVw</item>
    </map>
    <!--SSL HSM Server Keystore information: name and password-->
    <item name="SslServerHSMKeystoreName">ping-ssl-server.hsmks</item>
    <item name="SslServerHSMKeystorePassword"/>
    <!--Do not modify-->
    <item name="SslServerHSMKeystoreType2">default</item>
    <!--Map of SSL Server keystore aliases to passwords; the system uses this map
         to open private keys for generating signatures, X509
         authentication, etc. For each item, the name of the item maps
         to the alias of a private key and the value of the item is the
         password to that particular key-->
    <map name="SslServerHSMPrivateKeyPasswords"/>
    <!--Truststore Keystore information: name and password-->
    <item name="TrustKeystoreName">ping-trust.jks</item>
    <item name="TrustKeystorePassword">eyJhbGciOiJkaXIiLCJlbmMiOiJBMTI4Q0JDLUhTMjU2Iiwia2lkIjoiRW1JY1UxOVdueSIsInZlcnNpb24iOiI5LjIuMC4xMCJ9..-jHFmmqHu07Wcuqcb1QgQQ.wUlHOwnPm14hlkrzhXmnQlvMN68AdfjwvJA3sfipmYE.uTrsnhX1vIxh-LI2exc62A</item>
    <!--You can specify a key store type here. Available keystore types are
          JKS     - Java Keystore
          nCipher.sworld - nCipher keystore
          default - let the system select a keystore type for you. For Luna HSM 6, JKS is used.
                    For nCipher, nCipher.sworld is used. Otherwise, JKS is used-->
    <item name="TrustKeystoreType2">default</item>
    <!--Truststore HSM Keystore information: name and password-->
    <item name="TrustHSMKeystoreName">ping-trust.hsmks</item>
    <item name="TrustHSMKeystorePassword"/>
    <!--You can specify a key store type here. Available keystore types are
          JKS     - Java Keystore
          nCipher.sworld - nCipher keystore
          default - let the system select a keystore type for you. For Luna HSM 6, JKS is used.
                    For nCipher, nCipher.sworld is used. Otherwise, JKS is used-->
    <item name="TrustHSMKeystoreType2">default</item>
    <!--General keystore information: name and password-->
    <item name="GeneralKeystoreName">ping-general.jks</item>
    <item name="GeneralKeystorePassword">eyJhbGciOiJkaXIiLCJlbmMiOiJBMTI4Q0JDLUhTMjU2Iiwia2lkIjoiRW1JY1UxOVdueSIsInZlcnNpb24iOiI5LjIuMi4wIn0..qbo1W4KMDbhWapCrOkFZsA.gnUV8ITUz4PIgAjhRC1P3LF80UxEE35aTUbOAcFNvF4.NA1ngBlCKkD0R_bifVA8hA</item>
    <!--Do not modify-->
    <item name="GeneralKeystoreType2">default</item>
    <!--Map of General keystore aliases to passwords; the system uses this map
     to open private keys for generating signatures, X509
     authentication, etc. For each item, the name of the item maps
     to the alias of a private key, and the value of the item is the
     password to that particular key.-->
    <map name="GeneralPrivateKeyPasswords">
        <item name="f8buzs2eqagfh62e6354wly6l">eyJhbGciOiJkaXIiLCJlbmMiOiJBMTI4Q0JDLUhTMjU2Iiwia2lkIjoiRW1JY1UxOVdueSIsInZlcnNpb24iOiI5LjIuMi4wIn0..QlFLR-NaBcnf35DaPLLckA._JPbV7NRrzttSatAc1oIcMAGtYC0G__Pt46hqYZOOLY.YqsPj2RGwjlkuEUdEVZm3Q</item>
    </map>
    <!--General HSM keystore information: name and password-->
    <item name="GeneralHSMKeystoreName">ping-general.hsmks</item>
    <item name="GeneralHSMKeystorePassword"/>
    <!--Do not modify-->
    <item name="GeneralHSMKeystoreType2">default</item>
    <!--Map of General keystore aliases to passwords; the system uses this map
     to open private keys for generating signatures, X509
     authentication, etc. For each item, the name of the item maps
     to the alias of a private key, and the value of the item is the
     password to that particular key.-->
    <map name="GeneralHSMPrivateKeyPasswords"/>
</config>